m18;verpleegster;operatie
m18;arts;chemotherapie
m40;arts;chemotherapie
m65;arts;chemotherapie
m80;arts;chemotherapie
f18;arts;chemotherapie
f40;arts;chemotherapie
f65;arts;chemotherapie
f80;arts;chemotherapie
m18;arts;covid
m40;arts;covid
m65;arts;covid
m80;arts;covid
f18;arts;covid
f40;arts;covid
f65;arts;covid
f80;arts;covid
m18;arts;ergotherapie
m40;arts;ergotherapie
m65;arts;ergotherapie
m80;arts;ergotherapie
f18;arts;ergotherapie
f40;arts;ergotherapie
f65;arts;ergotherapie
f80;arts;ergotherapie
m18;arts;fysiotherapie
m40;arts;fysiotherapie
m65;arts;fysiotherapie
m80;arts;fysiotherapie
f18;arts;fysiotherapie
f40;arts;fysiotherapie
f65;arts;fysiotherapie
f80;arts;fysiotherapie
m18;arts;kanker
m40;arts;kanker
m65;arts;kanker
m80;arts;kanker
f18;arts;kanker
f40;arts;kanker
f65;arts;kanker
f80;arts;kanker
m18;arts;operatie
m40;arts;operatie
m65;arts;operatie
m80;arts;operatie
f18;arts;operatie
f40;arts;operatie
f65;arts;operatie
f80;arts;operatie
m18;arts;voedingsstoornis
m40;arts;voedingsstoornis
m65;arts;voedingsstoornis
m80;arts;voedingsstoornis
f18;arts;voedingsstoornis
f40;arts;voedingsstoornis
f65;arts;voedingsstoornis
f80;arts;voedingsstoornis
m18;diëtist;chemotherapie
m40;diëtist;chemotherapie
m65;diëtist;chemotherapie
m80;diëtist;chemotherapie
f18;diëtist;chemotherapie
f40;diëtist;chemotherapie
f65;diëtist;chemotherapie
f80;diëtist;chemotherapie
m18;diëtist;kanker
m40;diëtist;kanker
m65;diëtist;kanker
m80;diëtist;kanker
f18;diëtist;kanker
f40;diëtist;kanker
f65;diëtist;kanker
f80;diëtist;kanker
m18;diëtist;voedingsstoornis
m40;diëtist;voedingsstoornis
m65;diëtist;voedingsstoornis
m80;diëtist;voedingsstoornis
f18;diëtist;voedingsstoornis
f40;diëtist;voedingsstoornis
f65;diëtist;voedingsstoornis
f80;diëtist;voedingsstoornis
m18;ergotherapeut;ergotherapie
m40;ergotherapeut;ergotherapie
m65;ergotherapeut;ergotherapie
m80;ergotherapeut;ergotherapie
f18;ergotherapeut;ergotherapie
f40;ergotherapeut;ergotherapie
f65;ergotherapeut;ergotherapie
f80;ergotherapeut;ergotherapie
m18;fysiotherapeut;fysiotherapie
m40;fysiotherapeut;fysiotherapie
m65;fysiotherapeut;fysiotherapie
m80;fysiotherapeut;fysiotherapie
f18;fysiotherapeut;fysiotherapie
f40;fysiotherapeut;fysiotherapie
f65;fysiotherapeut;fysiotherapie
f80;fysiotherapeut;fysiotherapie
m18;fysiotherapeut;operatie
m40;fysiotherapeut;operatie
m65;fysiotherapeut;operatie
m80;fysiotherapeut;operatie
f18;fysiotherapeut;operatie
f40;fysiotherapeut;operatie
f65;fysiotherapeut;operatie
f80;fysiotherapeut;operatie
m18;verpleegster;chemotherapie
m40;verpleegster;chemotherapie
m65;verpleegster;chemotherapie
m80;verpleegster;chemotherapie
f18;verpleegster;chemotherapie
f40;verpleegster;chemotherapie
f65;verpleegster;chemotherapie
f80;verpleegster;chemotherapie
m18;verpleegster;covid
m40;verpleegster;covid
m65;verpleegster;covid
m80;verpleegster;covid
f18;verpleegster;covid
f40;verpleegster;covid
f65;verpleegster;covid
f80;verpleegster;covid
m18;verpleegster;ergotherapie
m40;verpleegster;ergotherapie
m65;verpleegster;ergotherapie
m80;verpleegster;ergotherapie
f18;verpleegster;ergotherapie
f40;verpleegster;ergotherapie
f65;verpleegster;ergotherapie
f80;verpleegster;ergotherapie
m18;verpleegster;fysiotherapie
m40;verpleegster;fysiotherapie
m65;verpleegster;fysiotherapie
m80;verpleegster;fysiotherapie
f18;verpleegster;fysiotherapie
f40;verpleegster;fysiotherapie
f65;verpleegster;fysiotherapie
f80;verpleegster;fysiotherapie
m18;verpleegster;kanker
m40;verpleegster;kanker
m65;verpleegster;kanker
m80;verpleegster;kanker
f18;verpleegster;kanker
f40;verpleegster;kanker
f65;verpleegster;kanker
f80;verpleegster;kanker
m40;verpleegster;operatie
m65;verpleegster;operatie
m80;verpleegster;operatie
f18;verpleegster;operatie
f40;verpleegster;operatie
f65;verpleegster;operatie
f80;verpleegster;operatie
m18;verpleegster;voedingsstoornis
m40;verpleegster;voedingsstoornis
m65;verpleegster;voedingsstoornis
m80;verpleegster;voedingsstoornis
f18;verpleegster;voedingsstoornis
f40;verpleegster;voedingsstoornis
f65;verpleegster;voedingsstoornis
f80;verpleegster;voedingsstoornis
;;
REMOVED;;
m18;diëtist;ergotherapie
m40;diëtist;ergotherapie
m65;diëtist;ergotherapie
m80;diëtist;ergotherapie
f18;diëtist;ergotherapie
f40;diëtist;ergotherapie
f65;diëtist;ergotherapie
f80;diëtist;ergotherapie
m18;diëtist;fysiotherapie
m40;diëtist;fysiotherapie
m65;diëtist;fysiotherapie
m80;diëtist;fysiotherapie
f18;diëtist;fysiotherapie
f40;diëtist;fysiotherapie
f65;diëtist;fysiotherapie
f80;diëtist;fysiotherapie
m18;diëtist;operatie
m40;diëtist;operatie
m65;diëtist;operatie
m80;diëtist;operatie
f18;diëtist;operatie
f40;diëtist;operatie
f65;diëtist;operatie
f80;diëtist;operatie
m18;diëtist;covid
m40;diëtist;covid
m65;diëtist;covid
m80;diëtist;covid
f18;diëtist;covid
f40;diëtist;covid
f65;diëtist;covid
f80;diëtist;covid
m18;ergotherapeut;chemotherapie
m40;ergotherapeut;chemotherapie
m65;ergotherapeut;chemotherapie
m80;ergotherapeut;chemotherapie
f18;ergotherapeut;chemotherapie
f40;ergotherapeut;chemotherapie
f65;ergotherapeut;chemotherapie
f80;ergotherapeut;chemotherapie
m18;ergotherapeut;covid
m40;ergotherapeut;covid
m65;ergotherapeut;covid
m80;ergotherapeut;covid
f18;ergotherapeut;covid
f40;ergotherapeut;covid
f65;ergotherapeut;covid
f80;ergotherapeut;covid
m18;ergotherapeut;fysiotherapie
m40;ergotherapeut;fysiotherapie
m65;ergotherapeut;fysiotherapie
m80;ergotherapeut;fysiotherapie
f18;ergotherapeut;fysiotherapie
f40;ergotherapeut;fysiotherapie
f65;ergotherapeut;fysiotherapie
f80;ergotherapeut;fysiotherapie
m18;ergotherapeut;kanker
m40;ergotherapeut;kanker
m65;ergotherapeut;kanker
m80;ergotherapeut;kanker
f18;ergotherapeut;kanker
f40;ergotherapeut;kanker
f65;ergotherapeut;kanker
f80;ergotherapeut;kanker
m18;ergotherapeut;operatie
m40;ergotherapeut;operatie
m65;ergotherapeut;operatie
m80;ergotherapeut;operatie
f18;ergotherapeut;operatie
f40;ergotherapeut;operatie
f65;ergotherapeut;operatie
f80;ergotherapeut;operatie
m18;ergotherapeut;voedingsstoornis
m40;ergotherapeut;voedingsstoornis
m65;ergotherapeut;voedingsstoornis
m80;ergotherapeut;voedingsstoornis
f18;ergotherapeut;voedingsstoornis
f40;ergotherapeut;voedingsstoornis
f65;ergotherapeut;voedingsstoornis
f80;ergotherapeut;voedingsstoornis
m18;fysiotherapeut;chemotherapie
m40;fysiotherapeut;chemotherapie
m65;fysiotherapeut;chemotherapie
m80;fysiotherapeut;chemotherapie
f18;fysiotherapeut;chemotherapie
f40;fysiotherapeut;chemotherapie
f65;fysiotherapeut;chemotherapie
f80;fysiotherapeut;chemotherapie
m18;fysiotherapeut;covid
m40;fysiotherapeut;covid
m65;fysiotherapeut;covid
m80;fysiotherapeut;covid
f18;fysiotherapeut;covid
f40;fysiotherapeut;covid
f65;fysiotherapeut;covid
f80;fysiotherapeut;covid
m18;fysiotherapeut;ergotherapie
m40;fysiotherapeut;ergotherapie
m65;fysiotherapeut;ergotherapie
m80;fysiotherapeut;ergotherapie
f18;fysiotherapeut;ergotherapie
f40;fysiotherapeut;ergotherapie
f65;fysiotherapeut;ergotherapie
f80;fysiotherapeut;ergotherapie
m18;fysiotherapeut;kanker
m40;fysiotherapeut;kanker
m65;fysiotherapeut;kanker
m80;fysiotherapeut;kanker
f18;fysiotherapeut;kanker
f40;fysiotherapeut;kanker
f65;fysiotherapeut;kanker
f80;fysiotherapeut;kanker
m18;fysiotherapeut;voedingsstoornis
m40;fysiotherapeut;voedingsstoornis
m65;fysiotherapeut;voedingsstoornis
m80;fysiotherapeut;voedingsstoornis
f18;fysiotherapeut;voedingsstoornis
f40;fysiotherapeut;voedingsstoornis
f65;fysiotherapeut;voedingsstoornis
f80;fysiotherapeut;voedingsstoornis